Libro\Metrica,ARI,Coleman-Liau,FleschReadingEase,LIX,SMOG,Dale-Chall
HP1,4.4815169481,6.3711618607,92.5775241314,27.0032383327,7.1781884011,8.7670457568
HP2,5.4081052856,7.1930699973,87.8780154826,29.7438117178,7.7369963432,9.1724156324
HP3,5.1864917316,7.2563725751,87.3740896434,29.6099645103,7.6387257709,9.1413288469
HP4,6.0132669771,7.5156330496,85.1690113459,30.7982966506,8.1469986519,9.157754911
HP5,6.6689291469,7.8210618366,83.3446791098,32.8410044868,8.4894170005,9.2206072035
HP6,6.48106852,7.7577118521,82.5496664224,32.302982709,8.599174337,9.1332734852
HP7,5.8728253098,7.4717146179,85.4710048023,30.8236061087,8.1319012321,8.9693668138
